audit_id,selection_group,corpus,question,option_A,option_B,option_C,option_D,source_card,author_answer,author_evidence_quote,author_comment
AUD-073,targeted_17,cuad,"Based on the sentence, what is the Contract Manufacturer expected to do regarding NPI for the product?",Coordinate the early-stage product introduction activities with Sonos before any manufacturing begins.,Take full ownership of the NPI process up to the point where the product is ready for mass production at IAC.,Ensure that the NPI process is completed so that mass production can start at the IAC facility.,Handle the NPI process only after mass production has already commenced at the IAC facility.,../blind_80/sources/cuad/8d8ca19f4aa4_cuadfull_192_NPI.md,undetermined,,"Undetermined. The Contract Manufacturer’s responsibility is in Exhibit D.7, which is not available in the provided document."
AUD-052,targeted_17,defi,Audit field: “Swapping: blocked” for K. What should testing verify?,K reaches execution after a price refresh.,"K never reaches execution, regardless of entry point.",K executes when another asset is used as an intermediary.,K executes through a separate wallet interface.,../blind_80/sources/defi/644e3defec98_real_swapping.md,undetermined,,"Undetermined. There are several possible reasons, including a legal or regulatory restriction and the inability to swap a new token; the question gives no single cause."
AUD-077,targeted_17,cuad,"Based on the sentence, which software would be classified as 'Assigned Software' under the agreement?","Only software owned by the Seller itself, not by any of its affiliates or subsidiaries.","Software owned by the Seller or any of its affiliates, but not software owned by the acquired companies.","Software owned by the Seller, its affiliates, and the acquired companies, as long as it was created by a Business Employee.","Software owned by any entity that has a business relationship with the Seller, including its customers and partners.",../blind_80/sources/cuad/1f51791d9ac1_cuadfull_26_Seller_Party.md,C,"4. (m) ""Assigned Software"" means all of the Software owned by any Seller Party as of the Initial Closing Date that was created by a Business Employee, including the Software set forth on Schedule 1.1(m); provided that, for the avoidance of doubt, the Assigned Software does not include any rights under any Licensed Patents that cover Software.","C, based on the quoted definition of Assigned Software."
AUD-071,targeted_17,cuad,"A user uploads a video containing a copyrighted song and a defamatory statement about a public figure. Under the policy, which action is most clearly required?",The platform must remove the video because it breaches the user's Intellectual Property Rights in the song.,The platform must remove the video because it breaches the public figure's Intellectual Property Rights in their reputation.,"The platform must remove the video because it breaches the song owner's Intellectual Property Rights, but not because of the defamatory statement.",The platform must remove the video because it breaches both the song owner's and the public figure's Intellectual Property Rights.,../blind_80/sources/cuad/19cb54d8fc3c_cuadfull_302_Intellectual_Property_Rights.md,undetermined,,Undetermined. The material classifies defamatory content as Objectionable Content but does not state a mandatory platform action.
AUD-039,targeted_17,reddit,"Draft rule: ""Avoid pairing two low-Burst DPS."" What does the lineup need?",A. A damage dealer that can reliably convert a brief enemy mistake into a takedown.,"B. A damage dealer whose weapon fires in short, controlled bursts.",C. A damage dealer with a faster reload after emptying a magazine.,D. A damage dealer who can keep firing for a longer time without stopping.,../blind_80/sources/reddit/08324fbed206_reddit_competitiveoverwatch_Burst.md,undetermined,,"Undetermined. This is open-ended; there are many ways to avoid pairing two low-Burst DPS players, and the original material does not resolve the question."
AUD-024,targeted_17,reddit,Scrim board: “Alex — Fill.” What should the coach do?,Add Alex only if another participant is needed to complete the scrim roster.,"Assign the specialists first, then use Alex to resolve the remaining role conflict.",Keep Alex off the starting lineup unless someone disconnects.,Let Alex choose a role before the other players.,../blind_80/sources/reddit/e9282686b717_reddit_competitiveoverwatch_Fill.md,undetermined,,"Undetermined. This depends on who Alex is, what roles Alex can play, and the team composition."
AUD-067,targeted_17,cuad,"Under the agreement, if a party incurs costs due to a regulatory fine imposed on it for its own breach, which statement best reflects the intended allocation of responsibility for that fine?","Each party bears only its own administrative costs and overhead, so the fined party must cover the fine itself.","Each party bears its own administrative costs and overhead, but the fine is a Loss, so the party at fault must indemnify the other for any related losses.","Each party bears its own administrative costs and overhead, and since the fine is a Loss, the party that caused the fine must reimburse the other party for any resulting damages.","Each party bears its own administrative costs and overhead, so neither party is responsible for the other's fines unless the fine arose from a breach of this Agreement.",../blind_80/sources/cuad/723dfecf2686_cuadfull_323_Losses.md,D,"2. Except as otherwise provided, each party shall bear its own administrative costs and overhead expenses arising out of its performance of this Agreement. 6.5 Liability for Losses.","D, based on the quoted administrative-cost provision and the reference to liability for Losses."
AUD-064,targeted_17,cuad,"Under the agreement, what is the Company explicitly not granting Allscripts rights to, beyond the software and services listed?",The user guides and technical manuals that describe how to operate the installed systems,The right to create derivative works from the installed systems' source code,The right to access the Company's internal project management files,The right to receive training sessions on the installed systems,../blind_80/sources/cuad/191c58005b9d_cuadfull_253_Documentation.md,undetermined,"3. In no event will anything in this Agreement be construed as an obligation on Allscripts' part to (i) incorporate the Installed Software or Documentation into Allscripts products or services or (ii) market, promote, distribute or make available the Installed Software or Subscription Software Services or Merchant Processing Services, [***].","B, C, and D all seem possible. The document does not clearly specify which right is not granted; it says Allscripts is not obliged to incorporate the software or documentation into its own products or services."
AUD-059,targeted_17,defi,Table rule: “Data source must be approved.”,Approve the source only if it is the completed replacement deployment.,Approve the source if its records are recent enough for the report.,Approve the source after analysts manually correct anomalies.,Approve the source if it uses the current application release.,../blind_80/sources/defi/d3ba70306d2e_real_data.md,undetermined,,Undetermined. The material does not state this directly.
AUD-056,targeted_17,defi,SDK checklist: “sepolia support is complete.” What test is required?,Run API integration checks against the full configured test-network catalog.,"Run API checks only against Ethereum Sepolia, which the label identifies.",Run browser checks against every available test-network choice.,Run API checks only against production networks.,../blind_80/sources/defi/b0c910d8b86a_real_sepolia.md,C,,"C, tentatively. I am not certain what task is intended, but the supported networks should be tested and the material lists them."
AUD-016,targeted_17,synthetic,Table field: “Varnok owner: Elena.” What is Elena’s role?,She maintains the team’s exposure-calculation model.,She provides the required final control authorization.,She communicates routine status updates to requesters.,She schedules periodic desk meetings.,../blind_80/sources/synthetic/93a396657551_v1_desk_varnok.md,A,Risk desk bumped the ETH-PERP limit to $12M but it's not live until we get varnok from Priya.,"The table says “Varnok owner: Elena.” Varnok is mainly associated with limit changes, but Elena could be involved without necessarily performing the action herself."
AUD-051,targeted_17,defi,A transfer entry reads `interop=native`. Which design passes review?,Use the documented chain-to-chain protocol endpoint.,Use an integration plugin written by the destination chain's local engineering team.,Lock funds with an external relay and mint receipt tokens.,Settle through an exchange withdrawal API.,../blind_80/sources/defi/d395bd0a5889_real_native.md,undetermined,,Undetermined. The material does not state this directly.
AUD-057,targeted_17,defi,Execution policy: onchain route only.,Build the swap for the configured pool route and submit it through the protocol router.,Allow any route whose summary is committed to a public ledger.,Send the order only to the RFQ liquidity service.,Use the backend optimizer's internal inventory route.,../blind_80/sources/defi/51112b34835b_real_onchain.md,undetermined,,Undetermined. The material does not state this directly.
AUD-050,targeted_17,defi,Audit note: “Close the transaction when handled.” Which event qualifies?,The blockchain confirms a submitted payment transfer,An execution provider completes the requested order,The user signs a token approval,The quote engine returns a new price,../blind_80/sources/defi/b16c86c52d46_real_transaction.md,undetermined,,Undetermined. The material does not state this directly.
AUD-076,targeted_17,cuad,The sentence reports that the company's non-GAAP financial measure disclosures in its offering documents are compliant with certain SEC rules. What must a reader conclude about the basis for this compliance claim?,"The disclosures were checked against the SEC's own published rules and regulations, as referenced by the defined term.",The disclosures were checked against the company's internal corporate bylaws and employee handbook.,"The disclosures were checked against the general legal and regulatory framework of the securities industry, including all applicable laws.","The disclosures were checked against the specific rules and regulations of the Commission that oversees the offering, as identified in the document.",../blind_80/sources/cuad/f5143470831a_cuadfull_504_Rules_and_Regulations.md,A,"All disclosures contained in the Registration Statement, the General Disclosure Package or the Prospectus regarding ""non- GAAP financial measures"" (as such term is defined by the Rules and Regulations ) comply with Regulation G of the Exchange Act and Item 10 of Regulation S-K of the Act to the extent applicable. 19 (xxxvii) No Material Adverse Change in Business.","A, based on the quoted non-GAAP disclosure clause."
AUD-027,targeted_17,reddit,Patch note: “This card is no longer Standard.” What should players expect?,It may need replacing in decks used for that queue.,It will no longer appear in the game's default starter decks.,It is banned from every game mode.,It will be replaced by a random card during matches.,../blind_80/sources/reddit/940dbae48bff_reddit_hearthstone_Standard.md,undetermined,,"Undetermined. The question itself seems problematic: Standard appears to be a game mode, and “this card is no longer Standard” may not be the right formulation."
AUD-041,targeted_17,defi,Migration instruction: “Use a new wallet for the demo.” Which setup fits?,Issue a new physical cash pouch for the demo team.,Open a new employee expense-card profile for demo purchases.,Create a separately controlled account for demo transactions.,Create a new bank settlement account for the demo project.,../blind_80/sources/defi/ec9248fa7ba4_real_wallet.md,C,,"C. The wallet is a cryptocurrency wallet, although this can only be inferred from the material."
AUD-022,stratified_control_10,reddit,Fleet table field: Detail completed. What status follows?,Ready for return to the customer.,Complete vehicle notes are ready for the handover pack.,Awaiting mechanical quality control.,Awaiting pricing approval.,../blind_80/sources/reddit/a33a8c14ee68_reddit_cars_detail.md,undetermined,,Undetermined. The available document does not seem to contain relevant information.
AUD-069,stratified_control_10,cuad,"When the sentence says licensees bear the risks of using SpinCo IP in the Nuance Business, what must a reader conclude about the scope of that risk-bearing obligation?",A,B,C,D,../blind_80/sources/cuad/14bdb740b131_cuadfull_14_SpinCo_IP.md,undetermined,"Except as may expressly be set forth herein, any such Intellectual Property Rights are being licensed on an ""as is,"" ""where is"" basis and the respective licensees shall bear the economic and legal risks related to the use of the Nuance IP in the SpinCo Business or the SpinCo IP in the Nuance Business, as applicable.",Undetermined. The answer choices appear incomplete. The correct sentence is the quotation above.
AUD-017,stratified_control_10,synthetic,Runbook says: “Check moshet schedule.” Why?,To identify planned venue unavailability,To identify staff order-cancellation assignments,To identify token withdrawal cutoffs,To identify portfolio rebalancing times,../blind_80/sources/synthetic/66e8206b00d8_v1_desk_moshet.md,A,Risk flagged our delta as stale simply because the venue was in moshet and no fills were possible.,A seems closest; the quoted sentence is the nearest support.
AUD-013,stratified_control_10,synthetic,"Chat: ""Pause the guest pending review."" Who is the guest?",A visitor temporarily hosted at the office,An external trading client or counterparty,An employee awaiting manager approval,A vendor delivering a service,../blind_80/sources/synthetic/8e2be189d8c2_v1_desk_guest.md,B,Desk chat: can someone confirm the guest's collateral top-up cleared before we re-enable ETH perp quoting for them?,B can be inferred from the quoted desk message and the other contexts.
AUD-026,stratified_control_10,reddit,Rule: Farm the Vault before requesting a trade.,Keep running Vault content until you have items worth offering.,Collect crops from the Vault's underground hydroponics.,Build a resource farm beside the Vault entrance.,Deliver supplies to the Vault quartermaster.,../blind_80/sources/reddit/acf201b0fa23_reddit_thedivision_Farm.md,undetermined,,Undetermined. The original material does not say anything about the Vault.
AUD-068,stratified_control_10,cuad,"Under the described arrangement, when does a Party's obligation to indemnify the other Party and its Affiliates arise?",When that Party buys goods or services under a contract that involves both RCP and RGHI (or an Affiliate) each separately providing or receiving a benefit from the same third party.,"When that Party buys goods or services under a contract that has more than two signing parties, regardless of who benefits.",When that Party buys goods or services under a contract that is jointly managed by RCP and RGHI (or an Affiliate) for a single customer or supplier.,"When that Party buys goods or services under a contract that is signed by RCP and RGHI (or an Affiliate) together as one side, even if only one of them actually delivers or receives the benefit.",../blind_80/sources/cuad/9a4d8d94e392_cuadfull_200_Multi-party_Contract.md,B,"3. Each Party making purchases or receiving services under any Multi-party Contract shall indemnify and hold harmless the other Party and its Affiliates for any claims, damages, etc. arising out of such purchases or receipt of services.","B, based on the quoted indemnification clause."
AUD-047,stratified_control_10,defi,Runbook: smart vault patch due tonight. What is the primary change?,Submit the authorized upgrade transaction and verify the resulting state.,Retrain its approval model against recent transaction outcomes.,Rotate the release manager’s signing key.,Raise the transaction-relay fee ceiling.,../blind_80/sources/defi/559106dfa7b1_real_smart.md,undetermined,,"The provided source does not determine the answer. There are many linked documents, and their titles do not indicate a patch."
AUD-078,stratified_control_10,cuad,"A notice sent by facsimile on a Friday evening is confirmed by a transmission report. Under the agreement, when is it deemed received if the recipient's office is closed on Saturday and Sunday, and Monday is a federal holiday on which Dallas banks are closed?","On the following Tuesday, which is the first Business Day after transmission.","On Monday, because it is a calendar day that is not a weekend.","On Saturday, since the transmission report confirms delivery immediately.","On the next day that is not a Saturday or Sunday, regardless of bank holidays.",../blind_80/sources/cuad/f5a5e58c5780_cuadfull_430_Business_Day.md,A,,"A seems right, but I am unsure whether the rule covers notices; I found provisions on invoices and payments."
AUD-054,stratified_control_10,defi,Dashboard banner: “Swapping unavailable for N.” What should the app do?,Offer N as an intermediate asset in routed transactions.,Disable only the standard exchange screen while retaining API execution.,Prevent N from entering any executable transaction flow.,Allow conversion after N is moved to another wallet.,../blind_80/sources/defi/644e3defec98_real_swapping.md,undetermined,,"Undetermined. Several explanations are possible, including the unsupported-token rule in usage 6 or a new token."
AUD-010,stratified_control_10,synthetic,"Control rule: ""Collateral clearance is needed before decommissioning."" What does clearance establish?",That all corroborating evidence has been archived,That the account has no remaining obligations requiring its margin assets,That the decommission request has legal citations,That the hardware assigned to the account has been returned,../blind_80/sources/synthetic/cb413ef8ab04_v1_desk_collateral.md,B,,"B seems right on common-sense grounds, but the document does not provide this information."
