term,definition(现),note(现),L1 definition 是否只含稳定类层含义? (1/0),L2 若否: 哪些内容应下沉为标注?,L3 note 里是否有应升入定义的内容?,备注
期期,同一币种在两个或多个交易所的永续合约之间做多空对冲、赚资金费率与价差的套利系统,,,,,
期现,永续合约与现货之间的对冲套利系统（做空合约、持有现货，赚资金费率与价差）,,,,,
举重,通过配置放大挂单口数/订单金额，让 maker 挂单持续存在并扩大到目标刀数的操作,,,,,
反推,人为修改系统看到的 funding rate，让系统以为持有现货能获得利息从而开仓、获得现货库存,,,,,
盖板,对某现货/合约多头方向交易的人为阻碍（限制），用于阻止系统在该标的上开多或买入,,,,,
起步费,开仓所要求的最低利润阈值，用于抑制不值得的开仓,辅助知识（可能变化）：目前自动刷起步费按 spread/bias 计算，尾数编码来源；起步费一般略大于平仓补贴,,,,
平仓补贴,为促使系统平掉仓位而给平仓方向额外让出的利润（负成本），如千 2 快速平仓,,,,,
水位,各系统为挂单/交易在各平台预留的资金量配置（与口数一起配置）,,,,,
口数,单笔挂单的合约张数/最小下单单位数量；reserve multi 决定最后剩多少口不挂,,,,,
刀,美元（USD/USDT）的口语单位，如 500 刀,口语借词,,,,
爷,盈亏归因（分锅）中的一个扣除项/责任方，如 F爷（Funding Server 补贴）、G爷（Grid/起步费/平仓补贴）、Make爷（做市平台）,,,,,
分锅,把系统总盈亏按机制归因到各个责任项（F爷、G爷、Make爷、exec_pnl、wok）的核算过程,,,,,
狗吃,权益减去抵押物的差值（equity − collateral），表示被占用/消耗掉的部分,,,,,
开飞机,通过油门（加资金/加杠杆）与刹车（减资金/减杠杆）手动调节系统资金投入与杠杆率、以控制风险率的操作,操作界面称开飞机面板,,,,
油门,开飞机操作中增加资金投入/杠杆的方向,,,,,
刹车,开飞机操作中减少资金投入/杠杆的方向,附带知识（数值可能变化）：刹车时 usdt 占用不到 80% 的系统需处理,,,,
带带弟弟,在暴涨币上买入少量多头敞口（调整当量、开炒币）以对冲空头被拉爆的风险的策略,文中 100 万仓位上限等数值是具体 case，属标注,,,,
假币,能充不能提（或充提不通）、与真币不能自由兑换的现货代币，应折价；通过别名到 fakecoin 隔离,,,,,
山寨,交易量低、spread 大的币种（山寨币）,,,,,
充提,充值与提现（在交易所之间转移代币的通道）是否畅通；'充提不通'指代币不能在平台间自由转移,,,,,
人质,被占用作保证金、暂时不能动用的资金,与价格的关系（行为解释，不属定义）：价格反弹后被释放,,,,
运钞,为补目标平台保证金而发起的大额提现/转账，在途中称为运钞,,,,,
放粮,开仓放粮：bank 出纳把钱从 bank 存到平台主账号,,,,,
上缴国库,平台主账号把钱转回 bank,,,,,
金银岛,资产总览面板：stable+btc+eth+platform+alt=total，看各类资产个数是否稳定,,,,,
钉,系统告警/通知消息（如邮局钉、测试钉、飞书钉）,,,,,
雷达,雷达系统：sd、su、zs 三个可以实际交易但可开仓位较小的交易系统；'给雷达'= 把币种放到雷达系统里做小仓位,首版定义（观察名单）有误，已按用户更正,,,,
蒸馏,对方案反复提问、逐层提炼（对 bybit 的职位/老板做蒸馏）,与主业务无关，仅出现 1 次；保留为外围条目（若语料扩大可能进入 conflict 通道）,,,,
拐头函数,按'上涨 x% 回撤 y% 即卖出'规则平仓的函数（如上升 5% 回撤 1%）,,,,,
咬到,下单后成功成交（吃到预期价格）；没咬到 = 挂单未成交或成交很少,,,,,
扑空,下单后未成交、没有吃到量（落空）,文中出现为 taker 场景（taker_amount = 0）；是否限于 taker 待确认,,,,
搓,两个市场之间的对冲成交（对搓）；搓亏 = 对冲成交本身亏损,,,,,
折价,合约价格低于现货（或一个市场低于另一个），bias 为负,,,,,
溢价,合约价格高于现货，bias 为正,,,,,
当量,系统持仓的名义规模控制参数（当量控制台、总当量随规模缩水调整）,,,,,
放飞币,放开某币种的交易限制、允许其自由交易且无仓位上限（相当于当量很大、没有盖板）,原分词'飞币'有误；语料中出现为'开放飞币',,,,
打扫,"清理不再使用的余额/币种（如 busd, musd, bndk 要打扫）",,,,,
灌钱,给系统/合约账户补充保证金（灌保证金）,,,,,
对拍,把同一策略在两组系统上对照运行以比较效果（对照组）,,,,,
dddd,'带带弟弟'的缩写（同一策略）,文中 100 万仓位是一个具体 case，属标注，随时可能改,,,,
vampire,对手方可能'爆拉'把我们空头打爆的风险场景，统一对所有平台加限制,,,,,
kick off,系统因错误（限频、ghost 订单、交易所内部错误）触发熔断而停止交易,,,,,
making,在平台上挂 maker 单（做市）；no making = 该币/平台不挂单,,,,,
bias,同一币种在不同现货市场之间的价格偏差（正=溢价、负=折价）；期现价差（PI）之外的交易所差,,,,,
PI,期现/期期之间的价差指标（价差率），利息由 PI 产生,,,,,
bank,内部记账银行：系统间资金调拨与余额的虚拟账本（不代表真实持有）,,,,,
A9,系统保证金/资金总额参数（logic A9；collateral < A9 说明缺钱）,,,,,
A15,单币仓位上限参数（刷 A15 限制开仓）,,,,,
A42,平仓补贴参数（千 X 平仓补贴）,,,,,
ADL,交易所自动减仓（Auto-Deleveraging），我们的盈利空头可能被强制平掉,,,,,
IF,保险基金（Insurance Fund），波动越大消耗越快,,,,,
scavenger,清理工具：按 clean_up_coins 的参数在各平台只平不开地清理敞口,,,,,
scbm,负责充提、水位、风险率显示的内部服务，异常需重启,,,,,
