rank,term,contract,n_occurrences_scored,mean_risk,max_risk,definition_repair,common_word(zipf)
1,Licensing Transaction,PhasebioPharmaceuticalsInc_20200330_10-K_EX-10.21_12086810_E,3,0.815,0.854,0.339,3.95
2,Seller Party,ZEBRATECHNOLOGIESCORP_04_16_2014-EX-10.1-INTELLECTUAL PROPER,3,0.792,0.802,0.171,4.01
3,Contract Year,TEARDROPGOLFCO_10_23_1996-EX-10.12-ENDORSEMENT AGREEMENT,3,0.792,0.832,0.155,4.94
4,FG Territory,FIBROGENINC_10_01_2014-EX-10.11-COLLABORATION AGREEMENT,4,0.79,0.947,0.057,3.31
5,Third Party,"Magenta Therapeutics, Inc. - Master Development and Manufact",4,0.787,0.898,0.227,5.32
6,Territory,"INNOVIVA,INC_08_07_2014-EX-10.1-COLLABORATION AGREEMENT",8,0.786,0.974,0.605,4.6
7,Confidential Information,BOLIVARMININGCORP_05_23_2003-EX-2.1-VISP WEB SITE BUILDING A,4,0.785,0.994,0.106,3.9
8,Customer,WORLDWIDESTRATEGIESINC_11_02_2005-EX-10-RESELLER AGREEMENT,5,0.781,0.96,0.191,4.61
9,Company Employee,IMMUNOMEDICSINC_08_07_2019-EX-10.1-PROMOTION AGREEMENT,3,0.756,0.838,0.049,4.5
10,Person,ChinaRealEstateInformationCorp_20090929_F-1_EX-10.32_4771615,3,0.75,0.821,0.076,5.55
11,Person,LejuHoldingsLtd_20140121_DRS (on F-1)_EX-10.26_8473102_EX-10,3,0.75,0.821,0.076,5.55
12,Site,"HOSPITALITYINVESTORSTRUST,INC_04_07_2014-EX-10.26-FRANCHISE ",4,0.747,0.882,0.384,5.22
13,Patent,ENTRUSTINC_07_24_1998-EX-10.5-STRATEGIC ALLIANCE AGREEMENT,6,0.743,0.903,0.259,4.18
14,Third Party,ExactSciencesCorp_20180822_8-K_EX-10.1_11331629_EX-10.1_Prom,3,0.743,0.803,-0.024,5.32
15,Diligent Efforts,"INNOVIVA,INC_08_07_2014-EX-10.1-COLLABORATION AGREEMENT",4,0.743,0.965,0.22,3.23
16,Contract Period,TEARDROPGOLFCO_10_23_1996-EX-10.12-ENDORSEMENT AGREEMENT,4,0.743,0.865,0.179,4.94
17,Contract Territory,WARNINGMANAGEMENTSERVICESINC_12_10_1999-EX-10-ENDORSEMENT AG,4,0.731,0.859,0.248,4.6
18,Territory,EtonPharmaceuticalsInc_20191114_10-Q_EX-10.1_11893941_EX-10.,4,0.731,0.86,0.12,4.6
19,NDA,WARNERCHILCOTTPLC_12_31_2003-EX-4.36-DEVELOPMENT AGREEMENT,3,0.714,0.924,0.382,3.0
20,Equifax Group,"FIDELITYNATIONALINFORMATIONSERVICES,INC_08_05_2009-EX-10.3-I",4,0.706,0.898,0.542,2.36
21,Operating Codes,"GOOSEHEADINSURANCE,INC_04_02_2018-EX-10.6-Franchise Agreemen",3,0.699,0.947,0.391,4.18
22,Source Code,VERTICALNETINC_04_01_2002-EX-10.19-MAINTENANCE AND SUPPORT A,3,0.695,0.742,0.032,5.08
23,Territory,Microgenics Corporation - Collaborative Development and Comm,6,0.694,0.922,0.478,4.6
24,Territory,AURASYSTEMSINC_06_16_2010-EX-10.25-STRATEGIC ALLIANCE AGREEM,3,0.689,0.853,0.612,4.6
25,Sublicensee,HarpoonTherapeuticsInc_20200312_10-K_EX-10.18_12051356_EX-10,3,0.688,0.834,0.118,0.0
26,Bundles,GlobalTechnologiesGroupInc_20050928_10KSB_EX-10.9_4148808_EX,3,0.681,0.881,0.286,3.52
27,Term,LegacyEducationAllianceInc_20141110_8-K_EX-10.9_8828866_EX-1,5,0.681,0.877,0.168,5.23
28,Purchase Order,MANUFACTURERSSERVICESLTD_06_05_2000-EX-10.14-OUTSOURCING AGR,3,0.679,0.842,0.064,4.71
29,Copyrights,ArmstrongFlooringInc_20190107_8-K_EX-10.2_11471795_EX-10.2_I,3,0.676,0.878,0.351,2.98
30,Third Party,"VAXCYTE,INC_05_22_2020-EX-10.19-SUPPLY AGREEMENT",4,0.675,0.877,0.11,5.32
31,Internet,BLUEFLYINC_03_27_2002-EX-10.27-e-business Hosting Agreement,3,0.674,0.976,0.134,5.06
32,Government Official,AimmuneTherapeuticsInc_20200205_8-K_EX-10.3_11967170_EX-10.3,3,0.664,0.822,0.179,5.14
33,Miltenyi Products,"BELLICUMPHARMACEUTICALS,INC_05_07_2019-EX-10.1-Supply Agreem",4,0.664,0.926,0.087,0.0
34,Third Party,HarpoonTherapeuticsInc_20200312_10-K_EX-10.18_12051356_EX-10,4,0.66,0.894,0.251,5.32
35,Hydrogen Applications,FuelcellEnergyInc_20191106_8-K_EX-10.1_11868007_EX-10.1_Deve,4,0.658,0.784,0.194,3.98
36,Supported Products,VERTICALNETINC_04_01_2002-EX-10.19-MAINTENANCE AND SUPPORT A,5,0.657,0.765,0.385,4.68
37,Licensed Trademarks,ArmstrongFlooringInc_20190107_8-K_EX-10.2_11471795_EX-10.2_I,4,0.655,0.843,0.062,3.3
38,Commercially Reasonable Efforts,ZogenixInc_20190509_10-Q_EX-10.2_11663313_EX-10.2_Distributo,4,0.653,0.858,0.279,3.67
39,Other Combination Product,"INNOVIVA,INC_08_07_2014-EX-10.1-COLLABORATION AGREEMENT",3,0.652,0.78,0.035,4.61
40,Licensee Product,SUMMAFOURINC_06_19_1998-EX-10.3-SOFTWARE LICENSE AND MAINTEN,3,0.642,0.837,0.208,3.03
41,Consignee,ENTERPRISEPRODUCTSPARTNERSLP_07_08_1998-EX-10.3-TRANSPORTATI,4,0.641,0.799,0.114,1.77
42,Drug,"Antares Pharma, Inc. - Manufacturing Agreement",5,0.639,0.926,0.16,4.87
43,Amorphous Alloy,LiquidmetalTechnologiesInc_20200205_8-K_EX-10.1_11968198_EX-,4,0.639,0.954,0.077,2.95
44,Patent,OTISWORLDWIDECORP_04_03_2020-EX-10.4-INTELLECTUAL PROPERTY A,3,0.638,0.899,0.226,4.18
45,Event,"VNUE,INC_07_10_2015-EX-10.1-SPONSORSHIP AGREEMENT",8,0.638,0.882,0.249,5.18
46,Clinical Trial,RevolutionMedicinesInc_20200117_S-1_EX-10.1_11948417_EX-10.1,3,0.636,0.877,0.026,4.51
47,Calendar Year,"BELLICUMPHARMACEUTICALS,INC_05_07_2019-EX-10.1-Supply Agreem",5,0.635,0.836,0.002,4.3
48,Third Party,CytodynInc_20200109_10-Q_EX-10.5_11941634_EX-10.5_License Ag,6,0.634,0.867,0.106,5.32
49,Detail,KINGPHARMACEUTICALSINC_08_09_2006-EX-10.1-PROMOTION AGREEMEN,3,0.634,0.662,0.326,4.57
50,Fiscal Year,"Array BioPharma Inc. - LICENSE, DEVELOPMENT AND COMMERCIALIZ",3,0.632,0.899,0.035,4.26
51,Calendar Quarter,AimmuneTherapeuticsInc_20200205_8-K_EX-10.3_11967170_EX-10.3,4,0.623,0.719,-0.027,4.3
52,Customer Data,TRICITYBANKSHARESCORP_05_15_1998-EX-10-OUTSOURCING AGREEMENT,5,0.622,0.937,-0.059,4.61
53,Territory,ENTERTAINMENTGAMINGASIAINC_02_15_2005-EX-10.5-DISTRIBUTOR AG,3,0.621,0.887,0.016,4.6
54,MasterCard,"IPAYMENT,INC_05_14_2007-EX-10.1-SPONSORSHIP AGREEMENT",9,0.62,0.796,0.028,3.13
55,Business,ReynoldsConsumerProductsInc_20200121_S-1A_EX-10.22_11948918_,3,0.619,0.956,0.186,5.56
56,Effective Date,IpassInc_20181203_8-K_EX-99.1_11445874_EX-99.1_Reseller Agre,4,0.619,0.9,0.212,4.89
57,Product,SigaTechnologiesInc_20190603_8-K_EX-10.1_11695818_EX-10.1_Pr,3,0.618,0.933,0.015,4.95
58,Third Party,ParatekPharmaceuticalsInc_20170505_10-KA_EX-10.29_10323872_E,4,0.617,0.903,-0.008,5.32
59,VAT,"Antares Pharma, Inc. - Manufacturing Agreement",3,0.614,0.746,0.051,3.54
60,Third Party Agreements,"FIDELITYNATIONALINFORMATIONSERVICES,INC_08_05_2009-EX-10.3-I",6,0.613,0.825,0.137,4.12
61,Batch,VERICELCORP_08_06_2019-EX-10.10-SUPPLY AGREEMENT,3,0.611,0.708,0.083,3.91
62,Primary Feed,TubeMediaCorp_20060310_8-K_EX-10.1_513921_EX-10.1_Affiliate ,3,0.609,0.78,0.108,4.67
63,Subscribers,GlobalTechnologiesGroupInc_20050928_10KSB_EX-10.9_4148808_EX,5,0.608,0.842,0.272,4.0
64,IGER INTELLECTUAL PROPERTY,"CERES,INC_01_25_2012-EX-10.20-Collaboration Agreement",3,0.606,0.862,0.033,2.29
65,Products,"WHITESMOKE,INC_11_08_2011-EX-10.26-PROMOTION AND DISTRIBUTIO",7,0.605,0.936,0.13,5.04
66,Territory,"HEMISPHERX - Sales, Marketing, Distribution, and Supply Agre",7,0.601,0.926,0.143,4.6
67,HSWI Websites,RemarkHoldingsInc_20081114_10-Q_EX-10.24_2895649_EX-10.24_Co,6,0.6,0.809,0.09,0.0
68,Subscriber,GlobalTechnologiesGroupInc_20050928_10KSB_EX-10.9_4148808_EX,3,0.598,0.842,0.212,3.52
69,Calendar Year,DovaPharmaceuticalsInc_20181108_10-Q_EX-10.2_11414857_EX-10.,4,0.598,0.707,0.078,4.3
70,Territory,"SightLife Surgical, Inc. - STRATEGIC SALES _ MARKETING AGREE",3,0.597,0.896,0.372,4.6
71,Third Party,"Array BioPharma Inc. - LICENSE, DEVELOPMENT AND COMMERCIALIZ",5,0.594,0.781,0.129,5.32
72,FDA,BIOFRONTERAAG_04_29_2019-EX-4.17-SUPPLY AGREEMENT,3,0.594,0.971,-0.009,3.87
73,RevMed Licensed Technology,RevolutionMedicinesInc_20200117_S-1_EX-10.1_11948417_EX-10.1,3,0.594,0.812,0.068,0.0
74,Group,"FIDELITYNATIONALINFORMATIONSERVICES,INC_08_05_2009-EX-10.3-I",3,0.593,0.749,0.119,5.57
75,Person,GopageCorp_20140221_10-K_EX-10.1_8432966_EX-10.1_Content Lic,4,0.591,0.883,0.047,5.55
76,Subsidiary,MANUFACTURERSSERVICESLTD_06_05_2000-EX-10.14-OUTSOURCING AGR,4,0.587,0.726,0.081,3.92
77,Expenses,OFGBANCORP_03_28_2007-EX-10.23-OUTSOURCING AGREEMENT,7,0.586,0.899,0.209,4.33
78,Product,RangeResourcesLouisianaInc_20150417_8-K_EX-10.5_9045501_EX-1,8,0.584,0.959,0.314,4.95
79,Products,IMPCOTECHNOLOGIESINC_04_15_2003-EX-10.65-JOINT VENTURE AGREE,5,0.583,0.858,0.387,5.04
80,IAC Property,"Sonos, Inc. - Manufacturing Agreement ",3,0.582,0.769,0.425,2.7
81,ECCA,BloomEnergyCorp_20180321_DRSA (on S-1)_EX-10_11240356_EX-10_,4,0.58,0.806,0.217,1.31
82,Regulatory Authority,"Array BioPharma Inc. - LICENSE, DEVELOPMENT AND COMMERCIALIZ",4,0.579,0.959,0.078,4.23
83,Intellectual Property,"IPAYMENT,INC_05_14_2007-EX-10.1-SPONSORSHIP AGREEMENT",4,0.578,0.933,0.047,4.3
84,Dollars,RevolutionMedicinesInc_20200117_S-1_EX-10.1_11948417_EX-10.1,6,0.577,0.871,0.224,4.78
85,Contracting Officer,Microgenics Corporation - Collaborative Development and Comm,3,0.573,0.836,0.082,3.65
86,BOF,BloomEnergyCorp_20180321_DRSA (on S-1)_EX-10_11240356_EX-10_,3,0.572,0.852,0.052,2.16
87,Products,PapaJohnsInternationalInc_20190617_8-K_EX-10.1_11707365_EX-1,8,0.572,0.895,0.195,5.04
88,Deliverables,ReedsInc_20191113_10-Q_EX-10.4_11888303_EX-10.4_Development ,8,0.572,0.888,0.139,2.32
89,Trainer,"Antares Pharma, Inc. - Manufacturing Agreement",8,0.571,0.832,0.153,4.08
90,Third Party,SEASPINEHOLDINGSCORP_10_10_2018-EX-10.1-SUPPLY AGREEMENT,3,0.57,0.801,0.126,5.32
91,Care Management Revenues,SYKESHEALTHPLANSERVICESINC_04_24_1998-EX-10.14-OUTSOURCING A,3,0.57,0.924,0.167,4.06
92,Losses,"IPAYMENT,INC_05_14_2007-EX-10.1-SPONSORSHIP AGREEMENT",4,0.568,0.963,0.182,4.45
93,Territory,EUROPEANMICROHOLDINGSINC_03_06_1998-EX-10.6-DISTRIBUTOR AGRE,3,0.567,0.872,0.49,4.6
94,Customer,SigaTechnologiesInc_20190603_8-K_EX-10.1_11695818_EX-10.1_Pr,3,0.565,0.805,0.044,4.61
95,FDA,"Array BioPharma Inc. - LICENSE, DEVELOPMENT AND COMMERCIALIZ",4,0.563,0.856,-0.063,3.87
96,Shares,"TRANSPHORM,INC_02_14_2020-EX-10.12(1)-JOINT VENTURE AGREEMEN",3,0.562,0.851,0.026,4.6
97,User Manuals,OFGBANCORP_03_28_2007-EX-10.23-OUTSOURCING AGREEMENT,3,0.562,0.625,0.319,3.38
98,Bank,TRICITYBANKSHARESCORP_05_15_1998-EX-10-OUTSOURCING AGREEMENT,3,0.561,0.777,0.285,5.16
99,Transfer and Servicing Agreement,VerizonAbsLlc_20200123_8-K_EX-10.4_11952335_EX-10.4_Service ,5,0.56,0.871,0.122,3.44
100,Person,"Antares Pharma, Inc. - Manufacturing Agreement",3,0.559,0.741,0.028,5.55
