audit_id,independent_answer,unique_answer_yes_no,source_sufficient_yes_no,evidence_quote,comment
AUD-001,,,,,
AUD-002,,,,,
AUD-003,,,,,
AUD-004,,,,,
AUD-005,,,,,
AUD-006,,,,,
AUD-007,,,,,
AUD-008,,,,,
AUD-009,,,,,
AUD-010,,,,,
AUD-011,,,,,
AUD-012,,,,,
AUD-013,,,,,
AUD-014,,,,,
AUD-015,,,,,
AUD-016,,,,,
AUD-017,,,,,
AUD-018,,,,,
AUD-019,,,,,
AUD-020,,,,,
AUD-021,,,,,
AUD-022,,,,,
AUD-023,,,,,
AUD-024,,,,,
AUD-025,,,,,
AUD-026,,,,,
AUD-027,,,,,
AUD-028,,,,,
AUD-029,,,,,
AUD-030,,,,,
AUD-031,,,,,
AUD-032,,,,,
AUD-033,,,,,
AUD-034,,,,,
AUD-035,,,,,
AUD-036,,,,,
AUD-037,,,,,
AUD-038,,,,,
AUD-039,,,,,
AUD-040,,,,,
AUD-041,,,,,
AUD-042,,,,,
AUD-043,,,,,
AUD-044,,,,,
AUD-045,,,,,
AUD-046,,,,,
AUD-047,,,,,
AUD-048,,,,,
AUD-049,,,,,
AUD-050,,,,,
AUD-051,,,,,
AUD-052,,,,,
AUD-053,,,,,
AUD-054,,,,,
AUD-055,,,,,
AUD-056,,,,,
AUD-057,,,,,
AUD-058,,,,,
AUD-059,,,,,
AUD-060,,,,,
AUD-061,,,,,
AUD-062,,,,,
AUD-063,,,,,
AUD-064,,,,,
AUD-065,,,,,
AUD-066,,,,,
AUD-067,,,,,
AUD-068,,,,,
AUD-069,,,,,
AUD-070,,,,,
AUD-071,,,,,
AUD-072,,,,,
AUD-073,,,,,
AUD-074,,,,,
AUD-075,,,,,
AUD-076,,,,,
AUD-077,,,,,
AUD-078,,,,,
AUD-079,,,,,
AUD-080,,,,,
