id,qidx,subreddit,term,community_gloss,question,A,B,C,D,key,natural_question,key_correct,needs_community_meaning,note
reddit:afl:Back,1,afl,Back,"or back(line). left back pocket, back flank, right back pocket",Availability board: Back — vacant. What should staff arrange?,Assign a player to protect the team’s own scoring end.,Reserve the spot for a player expected to return.,Tell a midfielder to retreat whenever possession changes.,Move an interchange player to the rear of the rotation.,A,,,,
reddit:boxoffice:International,2,boxoffice,International,"The box office of everywhere other than the movie's home market (so for American movies, the box office results apart from the United States and Canada).",Headline: International declined; Worldwide was unchanged. What could explain this?,A Domestic increase offset the decline.,International and Worldwide are unrelated all-market estimates.,International measures marketing activity rather than ticket sales.,International covers only multinational-studio releases.,A,,,,
reddit:cars:valve,0,cars,valve,"A device that can measure or prevent the flow of a liquid or gas. Most internal combustion engines use intake and exhaust valves to control the fuel air mixture into the cylinders and to exhaust burned gases. Some engines have three, four or even more valves per cylinder to increase total valve area for increased flow, efficiency and performance.",Service queue: “Valve fault.” What should the technician inspect?,The coolant hose manual shutoff assembly,The air-conditioning refrigerant control unit,The cylinder-head valvetrain and its sealing performance,The brake hydraulic proportioning unit,C,,,,
reddit:cars:valve,2,cars,valve,"A device that can measure or prevent the flow of a liquid or gas. Most internal combustion engines use intake and exhaust valves to control the fuel air mixture into the cylinders and to exhaust burned gases. Some engines have three, four or even more valves per cylinder to increase total valve area for increased flow, efficiency and performance.",Parts table: “Valve replacement.” What should procurement source?,A cylinder-head intake or exhaust component,A coolant-line isolation fitting,A brake-fluid metering unit,An air-conditioning expansion unit,A,,,,
reddit:cars:valve,3,cars,valve,"A device that can measure or prevent the flow of a liquid or gas. Most internal combustion engines use intake and exhaust valves to control the fuel air mixture into the cylinders and to exhaust burned gases. Some engines have three, four or even more valves per cylinder to increase total valve area for increased flow, efficiency and performance.",Report: “Valve warning present.” What result requires holding the vehicle?,A leaking coolant shutoff fitting,An inoperative refrigerant control unit,A failed brake pressure-balancing unit,Poor cylinder sealing during an engine test,D,,,,
reddit:christianity:Christmas,3,christianity,Christmas,"The date on which the birth of Christ is observed and celebrated. On the Gregorian Calendar, in use over much of the world, it is observed on December 25th. It also occurs on December 25th on the Julian calendar but that day falls on January 7th of the Gregorian Calendar.",Archive form: Christmas is the event date.,File it by the date generated under the relevant calendar system.,File it under the annual gift-giving celebration.,File it under the organisation’s seasonal party.,File it under the civic winter festival.,A,,,,
reddit:christianity:Church,2,christianity,Church,"Traditionally and historically this refers to the collective and unified body and organization of believers, unseparated from its bishops and priests with a traditional beginning on, and following with apostolic succession, from the date of Pentecost. Colloquially it may refer to an individual parish building if used in the lower-case or to refer to the organization itself if used in the upper case, i.e., Eastern Orthodox Church, Oriental Orthodox Church, Roman Catholic Church.",Travel note: “Church representatives need passes.” Issue passes to:,Staff appointed by the local parish council,Delegates appointed by the bishop’s office,The building’s maintenance contractor,Volunteers assigned to welcome guests,B,,,,
reddit:churning:Southwest,3,churning,Southwest,"The proper IATA code for Southwest Airlines, but ""SW"" is more commonly used.",Approval log entry: “Southwest requires escalation.” Who should receive it?,The team responsible for the affected flight booking.,The regional lead responsible for the southwest area.,The manager responsible for the Southwest office.,The facilities lead responsible for the southwest wing.,A,,,,
reddit:clashroyale:cycle,3,clashroyale,cycle,the order in which a player's cards will appear. Can also refer to a player's trying to get a specific card previously deployed by deploying other cards (e.g. placing Skeletons to cycle for a Hog Rider),Rule: Log the cycle before proposing a card swap. What note matters?,Whether the swap matches the tournament's recurring schedule.,Whether the swap reduces between-match cooldowns.,Whether the swap changes elixir regeneration speed.,Whether the swap gets an important answer available sooner again.,D,,,,
reddit:clashroyale:lane,3,clashroyale,lane,one of the two halfs of the arena leading to one of the crown towers,"Rule: ""One lane per push."" What does it restrict?",A push from threatening both crown towers at once.,A push from occupying multiple movement corridors.,A push from using both bridge crossings.,A push from using several deployment positions.,A,,,,
reddit:clashroyale:win condition,1,clashroyale,win condition,"a card, card combination, or general strategy that a deck is meant to use in order to win games",Audit result: Win condition missing. What change fits?,Document that three crowns ends the game,Add an anti-air defender,Add Goblin Barrel and bait support to the list,Lower the deck's average elixir,C,,,,
reddit:competitiveoverwatch:Bubble,1,competitiveoverwatch,Bubble,Refers to the shield casted by Zarya’s Particle and Projected Barrier ability as it resembles a bubble. Also refers to Winston’s Shield.,Status board: “Bubble available: yes.” What is ready?,The circular practice zone is free for use.,A teammate can receive temporary protection from hostile fire.,A private tactical channel can be opened.,The team can split into an isolated subgroup.,B,,,,
reddit:competitiveoverwatch:Fill,1,competitiveoverwatch,Fill,"When a player allows the team to pick their preferred roles first, and rounds up the team composition by filling any needed position.",Draft rule: “One player may mark Fill.” What is its effect?,It reserves a place for an additional attendee if turnout is low.,It lets the coordinator delay that player’s role assignment while placing named-role players.,It makes that player the designated substitute for the match.,It gives that player priority when selecting a role.,B,,,,
reddit:competitiveoverwatch:Fill,2,competitiveoverwatch,Fill,"When a player allows the team to pick their preferred roles first, and rounds up the team composition by filling any needed position.",Attendance table: “Fill: Ren.” Which assignment fits?,Add Ren as an extra attendee whenever the team is below its target size.,Place Ren in the unclaimed role after teammates’ selections are logged.,Keep Ren unassigned unless a mid-match substitution is needed.,Schedule Ren only on the role they play most often.,B,,,,
reddit:competitiveoverwatch:Walls,2,competitiveoverwatch,Walls,Widowmaker’s Ultimate Ability - Infra-Sight.,Review tag: “Lost fight during Walls.” Which diagnosis fits?,The team rotated through exposed space despite an enemy information advantage.,The team was trapped because a solid obstacle blocked its exit.,The team ignored a damage-over-time effect on the objective.,The team failed to contest an enemy speed boost.,A,,,,
reddit:cricket:Ball,3,cricket,Ball,"After winning the Ashes 4-0 in the summer of 2017/18 the Australians went to South Africa full of confidence... Unfortunately, this ultimately caused the downfall of Old Australia. De Kock and Warner almost had a fight in the player room following the first test match, only to be stopped by a shirtless Faf. Lyon decided to go full alpha and cuckold AB de Villiers by sledging him and then came the worst event of the whole series. During the 4th test match, Cameron Bancroft was seen to be stuffing a yellow piece of paper into his trousers - this was later to be identified as sandpaper. Aussie coach Darren Lehmann was on a walky-talky to Peter Handscomb telling them they had been rumbled but later denied he knew anything about it. Smith and Bancroft did a press conference right after the day's play and the ""leadership group"" was blamed. Rumours flew around over who exactly was in the ""leadership group"" but it turned out it was just Steve Smith, David Warner and Cameron Bancroft - KP thought this was a lie. Tim Paine replaced Smith as captain, Aus lost the test match and then came the real drama... Smith went home, cried in a press conference. Warner went home, cried in a press conference but made sure the audience knew he was going to take full responsibility for his part to play. Bancroft had a press conference but no one cared. The ICC gave Smith a 1 match ban and Bancroft 3 demerits points. However, the Aussie public nor the Aussie Prime Minister were having none of it and calls of Smith to be banned for life was being asked for, Cricket Australia decided to give Smith & Warner a year ban from the game and Bancroft got a 9-month ban. Lehmann stood down. More details here",Dashboard field: “Ball status: open.” What should staff do?,Check whether the current match ball needs replacing.,Maintain evidence and follow the escalation process.,Wait for the next delivery before updating scores.,Confirm the venue remains available for the formal.,B,,,,
reddit:dnd:Adventure,2,dnd,Adventure,"What constitutes an adventure is a bit hard to define. An adventure is generally one plot resembling that of a novel: exposition, rising action, climax, falling action, resolution. Adventures might contain smaller adventures (""side-quests""). Generally a campaign contains one or more adventures.",Roster rule: “New players may join between Adventures.”,Add them after the current storyline ends and before the next begins.,Add them only in the gap between two scheduled sessions.,Add them after the group completes a dangerous expedition.,Add them only once the campaign is over.,A,,,,
reddit:elderscrollsonline:Drink,2,elderscrollsonline,Drink,"Stuff that buffs your primary attributes and their recovery rate. Almost every max-level PvPer seems to be using Consummate Honey Brittle, which is VERY bizarre considering the stuff is dirt-cheap yet the recipe is quite rare. It also makes you OP, and it can be classed as FOTM for Food.",Trade request: “Need Drink for tonight’s run.” What should be supplied?,A stack of the group member’s chosen setup consumable.,Bottled drinks for players during the session.,Extra healing potions for the quickslots.,Repair materials for weapons and armor.,A,,,,
reddit:elderscrollsonline:Gear,2,elderscrollsonline,Gear,"All of your armor, weapons, jewelry etc.",Officer says: “Link Gear in chat.” What should be posted?,A link to the shared crafting-material inventory.,A repair report for the moving parts of the group's siege weapons.,A screenshot of the player's controller settings.,An inspectable link to the character's current setup.,D,,,,
reddit:elderscrollsonline:Jumping,2,elderscrollsonline,Jumping,"A very effective tactic where a large force from one alliance attacks another alliance which has been very weakened from just taking a keep from a third alliance. Can also be used on players after they win a fight against a ganker (see below). This tactic was used by the Ebonheart Pact in the famous Battle of the Chalamo on February 7th, 2014, where ESO's first emperor was crowned (There is a book about it in the Inner section of Chalman Keep.).",Guild rule: “Do not announce Jumping early.” Why?,Early warning lets the target reorganize before the offensive begins.,Early warning causes players to start practicing terrain jumps.,Early warning lets rival scouts find hidden travel routes.,Early warning encourages defenders to overuse siege weapons.,A,,,,
reddit:elderscrollsonline:Main,1,elderscrollsonline,Main,"An account's main character, characterized by either more playtime, higher level, or just general classification by the player.",Event notice: “Main required.” Which attendance entry qualifies?,The entry for the event’s lead character.,The entry for the roster’s highest-priority slot.,The entry for a character on the core quest.,The entry tied to the member’s established character record.,D,,,,
reddit:elderscrollsonline:Tank,3,elderscrollsonline,Tank,A type of player that aims to stay alive for as long as they can and protect a group from damage.,Rule: “Every run needs a Tank.” What must the leader roster?,A player assigned to initiate and manage hostile engagements.,A crew member to operate the armored assault vehicle.,A player dedicated to ally recovery.,A player assigned to maximize enemy damage.,A,,,,
reddit:fitness:Intensity,0,fitness,Intensity,How close the effort required in your training is to your maximum performance capability. Higher intensity means closer to your max. Not just how intense an exercise feels.,Coach message: “Raise Intensity next week.” What should Priya change first?,Add a fast-paced finisher and shorten breaks.,Increase the working load until the final planned repetition is the last clean one.,Add two more sets at her current set endpoint.,Use a thicker band while keeping the same effort reserve.,B,,,,
reddit:fitness:Rep,1,fitness,Rep,A repetition: one complete movement of the exercise you are performing.,Coach message: “Flag any Rep that fails form review.”,Attach the note to the individual performance event with the issue.,Send the note to the athlete representative for the group.,Mark the entire session as unsuccessful.,Tag the equipment used during the set.,A,,,,
reddit:fitness:Set,0,fitness,Set,"A number of reps performed in a row, with little or no rest in between. Sets of repetitions are typically recorded as sets x reps. For example, “3×10 pull-ups” means 3 sets of 10 reps.",Tracker row: “Deadlift — Set: 2.” What does 2 identify?,The second equipment configuration assigned to deadlifts.,The second deadlift item to complete in the workout.,The second deadlift variation in the routine.,The second training session containing deadlifts.,B,,,,
reddit:gendercritical:Gender,0,gendercritical,Gender,"The collection of cultural and social behaviors, expectations, roles, and statuses bestowed upon men and women starting often before birth and continuing throughout life, even after death. Distinct from biological sex, gender is a social construct. In a patriarchy, gender is a hierarchy and serves to naturalize and justify male domination of women.",Casework form: “Gender impact”—what should staff log?,Whether the policy assumes women will provide care and men will earn income,Each participant’s stated gender identity,Each participant’s sex recorded at birth,Each participant’s legal sex marker,A,,,,
reddit:gendercritical:Woman,3,gendercritical,Woman,An adult human female.,"Case tracker: apply the ""Woman"" tag.",Tag the 26-year-old male client taking estrogen who identifies as a woman.,Tag the 14-year-old female client who identifies as a woman.,Tag the 26-year-old male client whose birth record has an F clerical error.,Tag the 26-year-old female client who identifies as a man.,D,,,,
reddit:hearthstone:Arena,3,hearthstone,Arena,A play mode where players draft a deck from randomly generated cards and compete against other player's drafted decks for rewards. Players play with the same deck until they lose three times or win twelve times. The quality of the rewards depend on the number of wins achieved with a deck.,"Notice: ""Arena maintenance starts shortly."" What may be unavailable?","The limited-deck queue, including active runs.",The virtual venue's spectator stands.,Standard constructed matchmaking.,Solo-adventure encounters.,A,,,,
reddit:hearthstone:Classic,3,hearthstone,Classic,The first set of hearthstone cards released with the game.,Deck audit: when must a card be removed for failing Classic?,When its art no longer looks like an early-era card.,When players do not regard it as a lasting staple.,When its official set record fails the required category check.,When it was released later than the deck's other cards.,C,,,,
reddit:hearthstone:Set,2,hearthstone,Set,A group of cards released at once in either an adventure or an expansion.,"Message: ""Set owner still unassigned."" Who needs an owner?",The person responsible for maintaining cards from that release.,The person responsible for a manually assembled card collection.,The person responsible for a deck archetype's card package.,The person responsible for cards of one rarity.,A,,,,
reddit:kpop:Bias,1,kpop,Bias,"Specifically in Kpop culture, a bias refers to an artist/celebrity who you are most attracted or attached to. In a sense, the person you are biased to can do no wrong. You like everything they do. A Kpop fan might have an ultimate bias, someone who they like above anyone else in the culture. They may also have group-based biases that are specifically their favorite from the bands they follow.",Orientation note: “Set your Bias before joining the channel.”,Choose the artist whose updates should be routed to you first.,Flag the artist whose reporting may show unfair treatment.,Choose the artist whose mentions should be automatically muted.,Choose the artist whose news you will verify for accuracy.,A,,,,
reddit:pokemontrades:Legendary,0,pokemontrades,Legendary,Pokémon that can only be obtained once per playthrough and cannot be bred.,Supply forecast: Legendary added. How should projected stock be calculated?,Use the single acquisition allocation and enter zero nursery supply.,Increase the showcase reserve for a highly celebrated Pokémon.,Apply the standard recurring wild-stock rate.,Add projected nursery output to replenish stock.,A,,,,
reddit:purplepilldebate:Beta,2,purplepilldebate,Beta,"""Traits of provision: either providing resources or validatation to others, women (and perhaps men). Beta traits display low value to women if they are are put on too strong or too early in meeting- giving without equity. Beta can be used to describe individual behaviors, as well as people who have an overwhelming amount of beta properties (opposed to alpha)."" Beta, or Beta Traits, are those traits the RP model of human sexuality defines as ""Traits that are Attractive in a long term relationship partner, but which do not increase sexual attractiveness"" such as money and willingness to commit in males, or fidelity and homemaking skills in females. As such it aligns closely with ""Providership"" as described in Evolutionary Psychology for males and ""Fidelity/Non-Promiscuity"" in females. However, it is independent of this source and RP includes things in Beta traits based on experience in real world dating even if there is no scientific backing.",Dashboard note: 'Beta is rising.' What intervention fits?,Pause escalating gifts until interest is clearly reciprocal.,Increase the number of scheduled coaching check-ins.,Treat the next date as a trial run before adopting the full plan.,Update the member's availability calendar.,A,,,,
reddit:thedivision:Add,0,thedivision,Add,"Short for “Additional enemy.” Adds are enemies that spawn during a fight, that you are expected to either crowd control with skills, or focus fire down. Adds are usually weaker enemies, but intended to overwhelm you if ignored.",Status line: “Add — stairwell.” What should the team do?,Deploy an extra automated turret at the stairwell.,Redirect combat attention to the stairwell and remove the threat there.,Place an additional supply cache on the stairwell landing.,Assign another scout to inspect the stairwell route.,B,,,,
reddit:thedivision:Burn,2,thedivision,Burn,"The act of applying as much damage as possible in a short period of time, usually paired with activating damage-increase Skills and/or Items. Usually describe as a ""Burn phase."" ""After the adds go down, the boss will stop moving to reload, and take extra damage during this period. All DPS will use this as a Burn phase.""",Checklist item: “Burn ready?” What does “yes” confirm?,The team can immediately use its planned offensive tools.,The team has enough incendiaries to ignite the target.,The team has fire-suppression equipment prepared.,The team has heat-resistant gear equipped.,A,,,,
reddit:thedivision:Weapons,0,thedivision,Weapons,"Guns. Two primary slots for the big ones, and one sidearm slot (with unlimited ammo!) for the small ones. Their color allows you to judge them at a glance; in order of increasing rarity, you’ll find white (worn), green (standard), blue (specialized), purple (superior), gold (high-end), and red (exotic!). Rarer is usually better.",Loadout form: complete the Weapons field before deployment.,Record the firearms selected for the mission.,"Record every means of harming enemies, including grenades and blades.",Record the melee tools selected for the mission.,Record the deployable explosives selected for the mission.,A,,,,
reddit:wallstreetbets:Trading,1,wallstreetbets,Trading,"Trading is making well defined profits off of price fluctuations that are less in tune with ""fundamentals"".",Risk rule: “Trading positions need the special limit.”,Apply the limit used for tactical market exposure.,Apply the limit to every asset bought or sold.,Apply the limit only to income-focused holdings.,Apply the limit only to unsettled client orders.,A,,,,
reddit:whowouldwin:Scan,2,whowouldwin,Scan,Evidence of one's claims about a character taken from the source material. Examples would be comic book pages or video clips.,Moderator message: “Please provide a Scan for that ability.”,A. Post material showing the ability in use before continuing the point.,B. Scan the character sheet for resolution problems and re-upload it.,C. Search the organisation’s archive for prior debates about the ability.,D. Submit the ability to the powers database for classification.,A,,,,
reddit:whowouldwin:Solo,1,whowouldwin,Solo,When a character can defeat another character or a group of other characters by himself/herself. For example: The Flash solos The Bat-Family.,"Result note: ""Solo confirmed for Iona."" What may be entered?",An individual showcase credit for Iona between rounds.,"A completed matchup win credited only to Iona, with opposing entries unchanged.",A duel victory over one designated rival.,An attendance credit for appearing without a partner.,B,,,,
reddit:whowouldwin:Solo,2,whowouldwin,Solo,When a character can defeat another character or a group of other characters by himself/herself. For example: The Flash solos The Bat-Family.,"Review flag: ""Solo pending—Dax."" What footage settles it?",Dax performing an uninterrupted individual entrance routine.,Dax winning a standard one-on-one bout.,Dax taking individual turns in a rotating team format.,Dax winning the scheduled matchup without a teammate joining the field.,D,,,,
