term,tier_design,definition,note,standard_meaning,tf
冻结,shifted,指会员因请假单或欠费等原因，账户被暂停计次与预约权限，但会籍有效期照常顺延占用,冻结期最长90天，超期系统自动转为过期,使物体温度降到凝固点以下变硬，或比喻资金、关系等停滞不动,11
裸卡,shifted,指未搭配任何私教课或增值服务、只含基础场馆使用权限的低价位会籍种类,,没有任何附加装饰或功能的卡片，通常指素色的实体卡,12
沉睡,shifted,指长期未到店打卡但会籍仍在有效期内的会员状态，需顾问主动唤醒联系,连续60天未到店即标记为沉睡,进入睡眠状态，或比喻长期未活动、被忽视的事物,7
补位,shifted,指教练临时替代请假或离职同事上课，需承接对方原有会员的后续排课安排,,填补空缺的位置，常用于体育比赛替换队员,27
红线,shifted,指门店月度会籍销售业绩必须达到的最低完成标准，低于该线将触发店长约谈,红线为月度目标的六成，连续两月未达触发区域巡查,红色的线条，或比喻不可逾越的原则底线,7
带看,shifted,指顾问陪同意向客户参观场馆设施并讲解课程体系以促成办卡的接待流程,,带领他人查看某物或某地，常见于房产中介场景,11
空场,shifted,指某时段内器械区或团课教室预约人数远低于容纳上限、教练需主动招揽散客的时段,空场时段常安排新教练试讲练手,空无一人的场地或场所,31
锁客,shifted,指顾问通过赠送体验课或私教体验，促使潜在客户在竞争对手门店前完成签约的策略,,把顾客固定在某处消费，泛指留住客户的行为,8
过卡,shifted,指会员将本人会籍转借他人代打卡入场，需前台核验人脸后予以拒绝的违规行为,查实后需在系统备注并通知会员本人,刷卡通过闸机或门禁的动作,41
养客,shifted,指顾问对未成交的意向客户长期保持节日问候与内容推送、暂不主动逼单的跟进方式,,培养并维护客户关系，使其长期消费,10
拉新,shifted,指专门针对从未在本品牌任何门店办过会籍的全新客户进行的营销转化工作,拉新与转介绍分开计入不同的绩效科目,拉取新用户，泛指互联网产品的新增注册推广,27
沉锚,shifted,指顾问在报价前先展示原价高档套餐、再引出优惠套餐以促成成交的话术技巧,,船只用锚固定于水底，比喻先入为主的心理参照点,21
剪卡,shifted,指会员申请中途退卡终止合同、需前台在系统中将剩余权益作废核销的操作流程,剪卡需店长审批并留存书面申请,用剪刀将卡片实物剪断作废,10
破窗,shifted,指器械或设施出现小损坏未及时报修，导致后续损坏加速蔓延的门店管理隐患,,打破窗户玻璃，另有社会学中形容环境失序引发连锁违规的理论,6
掉课,shifted,指会员已购私教课时数但长期不到店消课、账户课时逐渐闲置沉淀的现象,掉课率纳入教练月度考核项,缺席课程未去上课的行为,17
洗课,shifted,指教练通过频繁更换训练动作与话术让老会员感觉课程内容持续更新，以延续续费意愿,,冲洗或清洗课件资料，无固定引申义,12
抬客,shifted,指教练在同事带看试课时到场配合捧场、营造场馆人气旺盛氛围以助成交的互助行为,,抬起顾客，日常无此固定搭配，泛指抬举他人,7
断档,shifted,指某类团课因教练排班空缺而连续数周无法开课、会员预约后被迫取消的情况,断档超两周需上报区域协调借调教练,供应或衔接出现中断，常用于商品或人才供应场景,6
回捞,shifted,指对已过期未续费的老会员进行专项优惠联系、争取其重新签约的挽回工作,,从水中捞回物品，比喻找回丢失或流失的事物,7
会员,narrower,团队内部专指已完成付费开卡并处于有效期内的健身者，不含体验、访客等未付费到店人员,日常统计报表只统计此类人数,参加某组织或团体、享有相应权利的人,4
教练,narrower,内部仅指持有排课权限、可独立带私教课的在职人员，不包括仅带团课或兼职助教身份的员工,,指导训练或技能学习的专业人员,3
私教,narrower,特指一对一付费训练课程本身，不涵盖团课、体测或免费指导等其他教学形式,排班表中单列一栏统计课时,个人聘请专属教师进行的教学服务,6
前台,narrower,仅指负责签到、接待与基础咨询的岗位人员，不包含会籍顾问及店长等其他门店职位,,机构入口处负责接待事务的部门或人员,3
私教课,narrower,内部专指已排入系统、双方确认时间的正式训练课时，不含临时约课或试听性质的沟通,取消需提前规定时长否则计入消耗,个人教练指导下进行的训练课程,5
月卡,narrower,特指以月为最小计费单位、不含年卡分摊或次卡形式的固定期限会员卡种,,按月计费使用的会员卡或票证,6
年卡,narrower,仅指一次性购买整年期限的会员卡种，不包含按月续费累计满一年的情形,签约时享受的价格与月卡叠加不同,有效期为一年的会员卡或票证,6
体测,narrower,特指新会员入会后由教练进行的体成分与基础体能评估环节，不含日常训练中的体态检查,结果用于后续课程推荐话术,对身体各项机能指标进行的测量检查,5
教室,narrower,仅指用于团课集体授课的固定场地，不包含自由训练区或私教专用区域,,用于教学活动的房间或空间,4
团课,narrower,特指按固定课表面向全体会员开放、无需额外付费的集体课程，区别于付费小班课,签到人数超过容量视为满班,多人共同参加的集体授课形式,5
储值,narrower,内部专指会员账户中可用于抵扣私教课时或商品消费的预存金额，不含卡种本身的余额,,预先存入一定金额以备后续消费,4
客源,narrower,特指由渠道推荐或活动导入、尚未签约成为会员的潜在到店咨询人员，不含已成交会员,按渠道分类登记跟进,商业活动中潜在或已有的顾客来源,4
巡场,narrower,仅指店长或值班人员按固定路线检查训练区设备与秩序的日常动作，不含处理投诉等其他管理事务,,在场地范围内巡视检查的行为,5
换课,narrower,特指会员在已排定私教课时内更换授课教练的操作，不包含更改课程时间或课程类型的情形,需双方教练在系统内确认交接,更换原定的课程安排,4
签到,none,会员到店后在系统或前台完成的身份核验动作，用于记录到店行为并核销相应权益,,报到、确认存在或到达,3
续费,none,会员在原有会籍或私教课程到期前后，重新购买以延续其消费资格的行为,临期30天内续费享受老会员折扣,重新缴纳费用以延续服务或资格,4
排课,none,教练与会员或团课系统协商确定具体上课时间并完成日程安排的工作环节,,安排课程时间表,5
退款,none,因会员申请或门店责任等原因，将已收取的费用按规定流程退还给会员的处理事项,需店长审批并在系统留存凭证,退还已支付的款项,2
客诉,none,会员对门店服务、环境或人员表现提出不满并要求处理的投诉事件,,顾客投诉,3
满勤,none,教练或前台员工在考核周期内按排班要求全部出勤、无缺勤记录的工作状态,月度满勤可申请额外奖金,全部出勤，没有缺勤,2
望江,unknown,指店内长期占据器械区却极少消费其他项目、只蹭空调看手机的散客群体类型,得名于最早常驻靠窗器械区的一位会员，非真实姓名,,3
拍地砖,unknown,指教练在无课时段于地面区域进行的自我训练与状态维持行为，用于内部排班参考,,,2
灯下黑三号,unknown,指前台系统中因交接疏漏长期未被处理、持续挂账的异常订单类型代号,三号为该类异常在内部编号序列中的第三种表现形式,,2
冷场,opposite,日常义指气氛尴尬冷清，团队内部反用来形容某节团课或时段异常火爆、人满到需限流的状态,常出现在排班表备注里，提醒教练提前到场应对人流,场面冷清、气氛尴尬，无人响应或参与度低,4
